Book,Symbol,Name,Country_or_Parent,Currency,Saldo_or_Nominal,Last,Daily_pct,Coupon_pct,Yield_pct,Maturity
EU,lr-par,Legrand SA,FRANCE,EUR,35,146.1,2.1,,,
EU,rey-mil,Reply S.p.A.,ITALY,EUR,41,127.2,3.41,,,
EU,fila-mil,F.I.L.A. - Fabbrica Italiana Lapis ed Affini S.p.A.,ITALY,EUR,461,10.75,2.38,,,
EU,zehn-swx,Zehnder Group AG Class A,SWITZERLAND,CHF,59,73.3,2.09,,,
EU,zeg-lon,Zegona Communications Plc,UNITED KINGDOM,GBP,276,17.88,0.45,,,
EU,bava-dk,Bavarian Nordic A/S,DENMARK,DKK,188,228.0,2.52,,,
EU,CAMX-SE,Camurus AB,SWEDEN,SEK,95,657.0,3.87,,,
EU,cicn-ch,Cicor Technologies,SWITZERLAND,CHF,38,141.4,-0.84,,,
EU,dno-no,DNO ASA Class A,NORWAY,NOK,3109,18.72,-2.04,,,
EU,ip-it,Interpump Group S.p.A.,ITALY,EUR,127,37.62,5.61,,,
EU,fagr-be,Fagron SA,BELGIUM,EUR,224,23.05,1.77,,,
EU,jst-etr,JOST Werke SE,GERMANY,EUR,88,62.7,3.64,,,
EU,src-lon,SigmaRoc Plc,UNITED KINGDOM,GBP,3621,1.317,1.93,,,
EU,fre-etr,Fresenius SE & Co. KGaA,GERMANY,EUR,116,44.2,0.76,,,
EU,reg1v-hel,Revenio Group Oyj,FINLAND,EUR,256,11.14,4.5,,,
EU,bpt-lon,Bridgepoint Group Plc,UNITED KINGDOM,GBP,1295,3.448,3.54,,,
EU,wix-lon,Wickes Group Plc,UNITED KINGDOM,GBP,2299,1.994,0.5,,,
EU,alig-se,Alimak Group AB,SWEDEN,SEK,470,122.0,1.33,,,
EU,wkl-ams,Wolters Kluwer N.V.,NETHERLANDS,EUR,73,69.44,1.64,,,
EU,dnlm-lon,Dunelm Group plc,UNITED KINGDOM,GBP,506,7.795,0.52,,,
EU,noba-se,Noba Bank Group AB,SWEDEN,SEK,645,87.6,1.27,,,
EU,gri-lon,Grainger plc,UNITED KINGDOM,GBP,2313,1.658,1.84,,,
EU,karn-swx,Kardex Holding AG,SWITZERLAND,CHF,16,240.5,0.0,,,
EU,fort-lon,Forterra Plc,UNITED KINGDOM,GBP,2595,1.464,-0.95,,,
EU,scatc-no,Scatec ASA,NORWAY,NOK,568,102.2,-0.0,,,
EU,rel-lon,RELX PLC,UNITED KINGDOM,GBP,160,25.61,0.99,,,
EU,cwc-etr,CEWE Stiftung & Co. KGaA,GERMANY,EUR,47,113.2,3.66,,,
EU,utdi-etr,United Internet AG,GERMANY,EUR,207,24.28,0.17,,,
EU,cap-fr,Capgemini SE,FRANCE,EUR,46,110.4,1.85,,,
EU,sop-par,Sopra Steria Group SA,FRANCE,EUR,30,167.2,1.58,,,
EU,nem-etr,Nemetschek SE,GERMANY,EUR,73,65.45,2.11,,,
EU,ams-es,Amadeus IT Group SA Class A,SPAIN,EUR,91,52.7,-0.72,,,
EU,bff-mil,BFF Bank SpA,ITALY,EUR,516,2.294,-3.13,,,
EU,azn-lon,AstraZeneca PLC,UNITED KINGDOM,GBP,34,119.32,1.43,,,
EU,gnc-lon,Greencore Group Plc,UNITED KINGDOM,GBP,1745,2.442,0.08,,,
EU,srp-lon,Serco Group plc,UNITED KINGDOM,GBP,1637,2.486,-1.35,,,
EU,jmt-lis,"Jeronimo Martins, SGPS S.A.",PORTUGAL,EUR,288,16.95,0.71,,,
EU,osb-lon,OSB Group PLC,UNITED KINGDOM,GBP,831,4.934,0.45,,,
EU,six2-etr,Sixt SE,GERMANY,EUR,69,69.5,1.31,,,
EU,otl-no,Odfjell Technology Ltd.,NORWAY,NOK,862,59.4,-0.5,,,
EU,am-par,Dassault Aviation SA,FRANCE,EUR,17,279.4,-3.12,,,
EU,hubn-ch,Huber + Suhner AG,SWITZERLAND,CHF,27,182.6,-1.62,,,
EU,kru-pl,Kruk S.A,POLAND,PLN,50,382.9,4.53,,,
EU,sk-par,SEB SA,FRANCE,EUR,87,54.95,4.27,,,
EU,boku-lon,"BOKU, Inc.",UNITED KINGDOM,GBP,2337,1.42,0.71,,,
EU,otb-lon,On The Beach Group PLC,UNITED KINGDOM,GBP,2392,1.74,-0.23,,,
EU,dte-etr,Deutsche Telekom AG,GERMANY,EUR,172,26.52,-1.16,,,
EU,itab-se,ITAB Group AB (publ),SWEDEN,SEK,3582,16.24,1.88,,,
EU,gen-lon,Genuit Group PLC,UNITED KINGDOM,GBP,1359,2.882,0.98,,,
EU,spie-par,SPIE SA,FRANCE,EUR,111,42.74,0.94,,,
EU,cie-mce,"CIE Automotive, S.A.",SPAIN,EUR,186,26.25,0.0,,,
EU,RST-GB,Restore PLC,UNITED KINGDOM,GBP,1599,3.07,-0.0,,,
EU,ate-par,Alten SA,FRANCE,EUR,73,79.2,1.21,,,
EU,trian.b-se,Fastighets AB Trianon Class B,SWEDEN,SEK,2745,15.6,-1.58,,,
EU,svs-lon,Savills plc,UNITED KINGDOM,GBP,408,9.67,-0.31,,,
EU,MRO-GB,Melrose Industries PLC,UNITED KINGDOM,GBP,765,4.69,-1.28,,,
EU,lseg-lon,London Stock Exchange Group plc,UNITED KINGDOM,GBP,48,83.52,1.36,,,
EU,rdc-etr,Redcare Pharmacy N.V.,GERMANY,EUR,73,69.7,5.69,,,
EU,krn-etr,Krones AG,GERMANY,EUR,43,107.4,1.9,,,
EU,alc-ch,Alcon AG,SWITZERLAND,CHF,82,53.14,0.11,,,
EU,mur-pl,Murapol S.A.,POLAND,PLN,551,36.5,-0.14,,,
EU,maire-it,MAIRE S.p.A.,ITALY,EUR,398,12.43,-0.96,,,
EU,fgp-gb,FirstGroup plc,UNITED KINGDOM,GBP,2226,1.871,0.38,,,
EU,gbf-etr,Bilfinger SE,GERMANY,EUR,57,57.4,1.32,,,
EU,tri-par,Trigano SA,FRANCE,EUR,34,127.3,0.0,,,
EU,link-no,LINK Mobility Group Holding ASA,NORWAY,NOK,2116,24.68,1.73,,,
EU,alk.b-dk,ALK-abello A/S Class B,DENMARK,DKK,166,209.2,3.36,,,
EU,impn-swx,Implenia AG,SWITZERLAND,CHF,64,62.6,-3.25,,,
EU,vk-par,Vallourec SA,FRANCE,EUR,266,18.17,-1.22,,,
EU,chrt-lon,Cohort plc,UNITED KINGDOM,GBP,344,11.94,-2.13,,,
EU,tub-es,"Tubacex, S.A.",SPAIN,EUR,1449,2.95,0.85,,,
EU,medx-ch,medmix AG,SWITZERLAND,CHF,503,10.26,4.59,,,
EU,alm-es,Almirall SA,SPAIN,EUR,434,10.28,1.78,,,
EU,synsam-se,Synsam AB,SWEDEN,SEK,932,53.0,2.32,,,
EU,aof-etr,ATOSS Software SE,GERMANY,EUR,55,85.4,0.47,,,
EU,you-lon,YouGov plc,UNITED KINGDOM,GBP,1485,2.646,1.22,,,
EU,fie-etr,Fielmann Group AG,GERMANY,EUR,106,37.95,0.93,,,
EU,norbt-no,Norbit ASA,NORWAY,NOK,326,158.5,-1.98,,,
EU,ctec-lon,ConvaTec Group Plc,UNITED KINGDOM,GBP,1779,2.186,0.28,,,
EU,ktn-etr,Kontron AG,GERMANY,EUR,200,20.9,0.77,,,
EU,gns-lon,Genus plc,UNITED KINGDOM,GBP,177,21.18,-0.38,,,
EU,fct-mil,Fincantieri S.p.A.,ITALY,EUR,384,12.22,-3.67,,,
EU,icg-lon,ICG plc,UNITED KINGDOM,GBP,226,17.64,-0.0,,,
EU,ldo-mil,Leonardo SpA,ITALY,EUR,94,47.05,-2.59,,,
EU,ips-par,Ipsos SA,FRANCE,EUR,128,35.96,2.51,,,
EU,vct-par,Vicat SA,FRANCE,EUR,73,58.9,1.2,,,
EU,TUI1-DE,TUI AG,GERMANY,EUR,682,6.89,2.44,,,
EU,wave-par,Wavestone SA,FRANCE,EUR,99,29.7,1.54,,,
EU,anod.b-se,Addnode Group AB Class B,SWEDEN,SEK,698,53.4,3.09,,,
EU,ucb-be,UCB S.A.,BELGIUM,EUR,23,202.9,1.0,,,
EU,tep-lon,Telecom Plus PLC,UNITED KINGDOM,GBP,500,8.51,3.15,,,
EU,bfit-ams,Basic-Fit NV,NETHERLANDS,EUR,152,29.1,3.26,,,
EU,bab-lon,Babcock International Group PLC,UNITED KINGDOM,GBP,402,9.078,-1.94,,,
EU,wsu-etr,WashTec AG,GERMANY,EUR,124,33.6,0.6,,,
EU,die-be,D'Ieteren Group SA/NV,BELGIUM,EUR,27,161.8,0.68,,,
EU,green-se,Green Landscaping Group AB,SWEDEN,SEK,1228,16.6,3.75,,,
EU,fergr-ams,Ferrari Group PLC,NETHERLANDS,EUR,627,7.39,1.23,,,
EU,matas-dk,Matas A/S,DENMARK,DKK,346,82.9,1.97,,,
EU,aero-swx,Montana Aerospace AG,SWITZERLAND,CHF,198,22.75,-1.52,,,
EU,tgym-mil,Technogym S.p.A,ITALY,EUR,382,12.95,0.23,,,
EU,dov-mil,doValue S.p.A.,ITALY,EUR,1982,1.806,-1.31,,,
EU,coa-lon,Coats Group plc,UNITED KINGDOM,GBP,5155,0.815,0.87,,,
EU,FDR-ES,"Fluidra, S.A.",SPAIN,EUR,233,17.59,-0.28,,,
EU,ff-mil,Fine Foods & Pharmaceuticals N.T.M. SpA,ITALY,EUR,520,7.14,3.48,,,
EU,expn-lon,Experian PLC,UNITED KINGDOM,GBP,153,24.99,1.34,,,
EU,swp-par,Sword Group SE,FRANCE,EUR,147,29.2,1.04,,,
EU,vit.b-se,Vitec Software Group AB Class B,SWEDEN,SEK,195,272.2,0.81,,,
EU,bonex-se,BONESUPPORT HOLDING AB,SWEDEN,SEK,200,229.4,-0.52,,,
EU,peug-par,Peugeot Invest SA,FRANCE,EUR,73,52.8,2.33,,,
EU,xps-lon,XPS Pensions Group Plc,UNITED KINGDOM,GBP,1232,2.97,0.85,,,
EU,umg-ams,Universal Music Group N.V.,NETHERLANDS,EUR,241,14.15,-0.11,,,
EU,ctpnv-ams,CTP N.V.,NETHERLANDS,EUR,291,12.84,1.42,,,
EU,nfg-lon,Next 15 Group plc,UNITED KINGDOM,GBP,1325,3.175,1.28,,,
EU,exo-ams,EXOR N.V.,NETHERLANDS,EUR,68,69.6,2.35,,,
EU,jun3-etr,Jungheinrich AG Pref,GERMANY,EUR,171,22.96,0.7,,,
EU,evd-etr,CTS Eventim AG & Co. KGaA,GERMANY,EUR,85,57.8,0.26,,,
EU,envi-ams,Envipco Holding N.V.,NORWAY,EUR,980,3.845,5.05,,,
EU,meko-se,Meko AB,SWEDEN,SEK,696,67.25,1.2,,,
EU,evt-etr,Evotec SE,GERMANY,EUR,971,3.09,4.32,,,
EU,pru-lon,Prudential plc,UNITED KINGDOM,GBP,419,9.248,0.63,,,
EU,el-par,EssilorLuxottica SA,FRANCE,EUR,24,145.75,0.87,,,
EU,evs-bru,EVS SA,BELGIUM,EUR,175,26.15,1.16,,,
EU,kgx-etr,KION GROUP AG,GERMANY,EUR,101,35.95,0.17,,,
EU,grf-es,"Grifols, S.A. Class A",SPAIN,EUR,455,10.005,3.55,,,
EU,rvrc-se,RVRC Holding AB,SWEDEN,SEK,928,51.95,1.76,,,
EU,frvia-par,Forvia SE,FRANCE,EUR,463,9.34,6.94,,,
EU,enh-no,Sed Energy Holdings PLC,NORWAY,NOK,6950,6.47,0.62,,,
EU,pen-no,Panoro Energy ASA,NORWAY,NOK,1940,29.2,-1.68,,,
EU,g24-etr,Scout24 SE,GERMANY,EUR,66,68.05,0.37,,,
EU,fgr-par,Eiffage SA,FRANCE,EUR,39,102.5,2.19,,,
EU,hbx-es,Hbx Group International Plc,SPAIN,EUR,716,7.485,0.07,,,
EU,smcp-par,SMCP SA,FRANCE,EUR,801,5.625,2.27,,,
EU,BHG-SE,BHG Group AB,SWEDEN,SEK,2085,19.36,1.89,,,
EU,dban-etr,Deutsche Beteiligungs AG,GERMANY,EUR,197,19.7,2.82,,,
EU,stj-lon,St. James's Place Plc,UNITED KINGDOM,GBP,356,10.315,-0.72,,,
EU,ray.b-se,RaySearch Laboratories AB Class B,SWEDEN,SEK,241,184.7,0.54,,,
EU,zeal-dk,Zealand Pharma A/S,DENMARK,DKK,102,258.2,-2.79,,,
EU,obck-etr,Ottobock SE & Co. KGaA,GERMANY,EUR,86,50.8,1.2,,,
EU,dyvox-se,Dynavox Group AB,SWEDEN,SEK,744,74.8,1.91,,,
EU,iwg-lon,International Workplace Group PLC,UNITED KINGDOM,GBP,2263,1.739,-0.34,,,
EU,data-lon,GlobalData Plc,UNITED KINGDOM,GBP,3857,0.593,-0.67,,,
EU,amg-ams,AMG Critical Materials N.V.,NETHERLANDS,EUR,152,29.08,-0.14,,,
EU,zal-etr,Zalando SE,GERMANY,EUR,189,22.24,0.09,,,
EU,dfs-lon,DFS Furniture PLC,UNITED KINGDOM,GBP,3115,1.45,0.35,,,
EU,adyen-ams,Adyen NV,NETHERLANDS,EUR,5,870.5,0.93,,,
EU,salme-no,Salmon Evolution ASA,NORWAY,NOK,10959,3.23,4.19,,,
EU,vu-par,VusionGroup S.A.,FRANCE,EUR,34,127.8,-0.54,,,
EU,arch-no,Archer Limited,NORWAY,NOK,2325,21.9,1.39,,,
EU,mum-etr,Mensch und Maschine Software SE,GERMANY,EUR,124,34.85,2.35,,,
EU,crw-lon,Craneware plc,UNITED KINGDOM,GBP,275,10.72,2.68,,,
EU,nxr-lon,Norcros plc,UNITED KINGDOM,GBP,1417,2.95,0.34,,,
EU,rhm-etr,Rheinmetall AG,GERMANY,EUR,4,946.3,-3.46,,,
EU,shaw-lon,Shawbrook Group Plc,UNITED KINGDOM,GBP,1177,2.96,-0.5,,,
EU,alfa-lon,Alfa Financial Software Holdings Plc,UNITED KINGDOM,GBP,2626,1.586,1.41,,,
EU,dsv-dk,DSV A/S,DENMARK,DKK,23,1166.5,0.52,,,
EU,acso-lon,accesso Technology Group Plc,UNITED KINGDOM,GBP,1330,2.98,1.02,,,
EU,abdp-lon,AB Dynamics plc,UNITED KINGDOM,GBP,321,8.29,2.47,,,
EU,prx-ams,Prosus N.V. Class N,NETHERLANDS,EUR,111,35.48,0.55,,,
EU,trn-lon,Trainline Plc,UNITED KINGDOM,GBP,1827,1.977,1.54,,,
EU,ilm1-etr,Medios AG,GERMANY,EUR,355,10.78,4.66,,,
EU,mol-mil,Moltiply Group S.p.A.,ITALY,EUR,133,30.65,-1.92,,,
EU,qdt-par,Quadient SA,FRANCE,EUR,381,14.12,0.28,,,
EU,adn1-etr,adesso SE,GERMANY,EUR,74,58.7,2.98,,,
EU,kof-par,Kaufman & Broad SA,FRANCE,EUR,170,19.3,1.37,,,
EU,glj-etr,GRENKE AG,GERMANY,EUR,335,10.18,1.19,,,
EU,futr-lon,Future plc,UNITED KINGDOM,GBP,805,2.884,-2.57,,,
EU,dvysr-se,Devyser Diagnostics AB,SWEDEN,SEK,558,54.1,0.19,,,
EU,atry-es,Atrys Health SA,SPAIN,EUR,1621,2.555,0.99,,,
EU,euz-etr,Eckert & Ziegler SE,GERMANY,EUR,306,12.2,1.67,,,
EU,eqs-par,Equasens SA,FRANCE,EUR,127,29.2,-1.02,,,
EU,gubra-dk,Gubra A/S,DENMARK,DKK,96,294.2,-0.54,,,
EU,vsure-se,Verisure Plc,SWEDEN,EUR,424,8.264,1.05,,,
EU,skb-etr,Koenig & Bauer AG,GERMANY,EUR,515,8.93,-0.67,,,
EU,ekt-etr,EnergieKontor AG,GERMANY,EUR,103,23.95,-0.62,,,
EU,gbg-lon,GB Group PLC,UNITED KINGDOM,GBP,1906,1.48,0.82,,,
EU,mux-etr,Mutares SE & Co. KGaA,GERMANY,EUR,176,25.05,0.4,,,
EU,rnk-lon,Rank Group Plc,UNITED KINGDOM,GBP,4020,0.737,1.1,,,
EU,elix-lon,Elixirr International Plc,UNITED KINGDOM,GBP,517,5.18,1.57,,,
EU,fyb-etr,Formycon AG,GERMANY,EUR,225,19.4,1.57,,,
EU,haba-etr,Hamborner REIT AG,GERMANY,EUR,987,4.06,1.0,,,
EU,vla-par,Valneva SE,FRANCE,EUR,988,2.645,3.6,,,
EU,thg-lon,THG Plc,UNITED KINGDOM,GBP,10391,0.2626,-0.08,,,
EU,ovzon-se,Ovzon AB,SWEDEN,SEK,1470,33.9,-0.06,,,
EU,hyq-etr,Hypoport SE,GERMANY,EUR,58,68.6,-0.58,,,
EU,tig-lon,Team Internet Group plc,UNITED KINGDOM,GBP,8934,0.385,-1.28,,,
EU,dom-es,Global Dominion Access SA,SPAIN,EUR,1441,2.715,1.5,,,
EU,ent-lon,Entain PLC,UNITED KINGDOM,GBP,693,4.257,0.38,,,
EU,ver-se,Verve Group Media SE Class A,SWEDEN,SEK,2997,11.34,-1.08,,,
EU,wjg-lon,Watkin Jones Plc,UNITED KINGDOM,GBP,12939,0.1508,-1.44,,,
EU,bur-lon,Burford Capital Limited,UNITED STATES,GBP,614,2.672,-1.11,,,
EU,nyxh-be,Nyxoah SA,BELGIUM,EUR,1786,1.274,1.76,,,
EU,adoc-par,Adocia SA,FRANCE,EUR,869,2.176,2.16,,,
US,dsg-ca,Descartes Systems Group Inc.,CANADA,CAD,79,116.07,0.93,,,
US,xers,"Xeris Biopharma Holdings, Inc.",UNITED STATES,USD,649,10.005,-1.23,,,
US,prva,"Privia Health Group, Inc.",UNITED STATES,USD,269,20.77,1.56,,,
US,nxpi,NXP Semiconductors NV,UNITED STATES,USD,25,244.305,0.96,,,
US,opln,"OPENLANE, Inc.",UNITED STATES,USD,164,35.46,0.4,,,
US,vmi,"Valmont Industries, Inc.",UNITED STATES,USD,11,484.91,1.69,,,
US,rdnt,"RadNet, Inc.",UNITED STATES,USD,84,70.99,0.6,,,
US,nvmi,Nova Ltd.,UNITED STATES,USD,16,397.83,1.27,,,
US,ce,Celanese Corporation,UNITED STATES,USD,124,45.79,0.57,,,
US,osw,OneSpaWorld Holdings Ltd.,UNITED STATES,USD,240,23.15,1.0,,,
US,idcc,"InterDigital, Inc.",UNITED STATES,USD,17,339.215,0.3,,,
US,atr,"AptarGroup, Inc.",UNITED STATES,USD,45,119.71,-0.75,,,
US,ecg,"Everus Construction Group, Inc.",UNITED STATES,USD,44,129.16,2.37,,,
US,futu,Futu Holdings Ltd. Sponsored ADR Class A,HONG KONG,USD,55,110.235,0.49,,,
US,shls,"Shoals Technologies Group, Inc. Class A",UNITED STATES,USD,810,8.215,0.8,,,
US,osis,"OSI Systems, Inc.",UNITED STATES,USD,25,197.86,-0.01,,,
US,vitl,"Vital Farms, Inc.",UNITED STATES,USD,172,9.22,-0.32,,,
US,crc,California Resources Corp,UNITED STATES,USD,110,52.325,-1.29,,,
US,chrw,"C.H. Robinson Worldwide, Inc.",UNITED STATES,USD,37,139.76,-0.6,,,
US,ese,ESCO Technologies Inc.,UNITED STATES,USD,20,274.45,0.93,,,
US,ar,Antero Resources Corporation,UNITED STATES,USD,164,34.625,-0.19,,,
US,avgo,Broadcom Inc.,UNITED STATES,USD,15,367.47,1.37,,,
US,vst,Vistra Corp.,UNITED STATES,USD,33,156.47,7.99,,,
US,atec,"Alphatec Holdings, Inc.",UNITED STATES,USD,586,10.82,0.93,,,
US,vcel,Vericel Corporation,UNITED STATES,USD,137,40.96,-0.27,,,
US,itri,"Itron, Inc.",UNITED STATES,USD,58,88.305,0.59,,,
US,jbtm,JBT Marel Corporation,UNITED STATES,USD,40,110.017,0.23,,,
US,ipgp,IPG Photonics Corporation,UNITED STATES,USD,73,84.27,0.8,,,
US,ymm,Full Truck Alliance Co. Ltd. Sponsored ADR,CHINA,USD,639,8.35,-0.71,,,
US,gxo,GXO Logistics Inc,UNITED STATES,USD,120,46.38,0.85,,,
US,yumc,"Yum China Holdings, Inc.",UNITED STATES,USD,135,40.245,-0.01,,,
US,cwk,Cushman & Wakefield Ltd.,UNITED STATES,USD,432,11.91,0.51,,,
US,gfs,GlobalFoundries Inc.,UNITED STATES,USD,118,48.855,0.61,,,
US,chwy,"Chewy, Inc. Class A",UNITED STATES,USD,216,18.03,-1.04,,,
US,avav,"AeroVironment, Inc.",UNITED STATES,USD,37,139.65,0.25,,,
US,ahco,AdaptHealth Corp.,UNITED STATES,USD,563,5.81,1.22,,,
US,allt,Allot Ltd.,UNITED STATES,USD,730,8.5484,1.65,,,
US,floc,Flowco Holdings Inc Class A,UNITED STATES,USD,244,18.5,0.05,,,
US,alny,"Alnylam Pharmaceuticals, Inc",UNITED STATES,USD,17,218.51,-0.63,,,
US,mlco,Melco Resorts & Entertainment Ltd. Sponsored ADR,HONG KONG,USD,985,4.295,1.54,,,
US,hlmn,Hillman Solutions Corp.,UNITED STATES,USD,648,7.02,0.86,,,
US,wynn,"Wynn Resorts, Limited",UNITED STATES,USD,54,77.57,0.52,,,
US,boot,"Boot Barn Holdings, Inc.",UNITED STATES,USD,34,122.99,0.09,,,
US,dec,Diversified Energy Company,UNITED STATES,USD,421,13.64,0.22,,,
US,calx,"Calix, Inc.",UNITED STATES,USD,145,34.5,0.47,,,
US,grab,Grab Holdings Limited Class A,UNITED STATES,USD,1529,3.22,1.58,,,
US,tatt,TAT Technologies Ltd.,UNITED STATES,USD,150,33.19,0.27,,,
US,aort,"Artivion, Inc.",UNITED STATES,USD,197,22.855,1.08,,,
US,gil-ca,Gildan Activewear Inc.,CANADA,CAD,98,58.0,0.05,,,
US,vyx,NCR Voyix Corporation,UNITED STATES,USD,672,6.765,-1.1,,,
US,insm,Insmed Incorporated,UNITED STATES,USD,49,103.59,-0.23,,,
US,amrc,"Ameresco, Inc. Class A",UNITED STATES,USD,242,21.84,1.63,,,
US,hlly,Holley Inc.,UNITED STATES,USD,1900,2.285,-0.22,,,
US,coll,"Collegium Pharmaceutical, Inc.",UNITED STATES,USD,155,21.93,0.27,,,
ASIA,9901-hk,"New Oriental Education & Technology Group, Inc.",HONG KONG,HKD,1000,44.18,0.64,,,
ASIA,2600-hk,Aluminum Corporation of China Limited Class H,HONG KONG,HKD,6000,7.69,1.12,,,
ASIA,6886-hk,"Huatai Securities Co., Ltd. Class H",HONG KONG,HKD,2600,16.7,1.77,,,
ASIA,asb-au,Austal Limited,AUSTRALIA,AUD,1912,4.18,-3.46,,,
ASIA,6690-hkg,"Haier Smart Home Co., Ltd. Class H",HONG KONG,HKD,2000,19.94,0.45,,,
ASIA,1186-hk,China Railway Construction Corporation Limited Class H,HONG KONG,HKD,9000,4.315,0.35,,,
ASIA,2382-hk,"Sunny Optical Technology (Group) Co., Ltd.",HONG KONG,HKD,700,64.1,3.47,,,
ASIA,2145-hk,"Shanghai Chicmax Cosmetics Co., Ltd. Class H",HONG KONG,HKD,900,21.0,0.67,,,
ASIA,1339-hk,People's Insurance Co. (Group) of China Ltd. Class H,HONG KONG,HKD,8000,5.45,0.18,,,
ASIA,3958-hk,Orient Securities Company Limited Class H,HONG KONG,HKD,7600,5.78,3.58,,,
ASIA,1209-hkg,China Resources Mixc Lifestyle Services Ltd.,HONG KONG,HKD,1200,36.84,-0.38,,,
ASIA,1082-kls,Hong Leong Financial Group Bhd.,MALAYSIA,MYR,1100,18.34,-0.33,,,
ASIA,rms-aus,Ramelius Resources Limited,AUSTRALIA,AUD,2058,3.73,-2.1,,,
ASIA,2196-hkg,"Shanghai Fosun Pharmaceutical (Group) Co., Ltd. Class H",HONG KONG,HKD,2500,18.29,2.41,,,
ASIA,2883-hk,China Oilfield Services Limited Class H,HONG KONG,HKD,6000,7.34,0.69,,,
ASIA,3606-hk,"Fuyao Glass Industry Group Co., Ltd. Class H",HONG KONG,HKD,800,54.0,-0.64,,,
ASIA,eol-aus,Energy One Limited,AUSTRALIA,AUD,476,14.92,-2.48,,,
ASIA,2076-hk,Kanzhun Ltd. Class A,HONG KONG,HKD,800,59.05,1.55,,,
ASIA,1910-hk,Samsonite Group S.A.,HONG KONG,HKD,3000,13.05,0.77,,,
ASIA,1519-hk,J&T Global Express Limited,HONG KONG,HKD,4600,8.975,5.03,,,
ASIA,2282-hkg,MGM China Holdings Limited,HONG KONG,HKD,4000,9.35,-0.74,,,
ASIA,1177-hk,Sino Biopharmaceutical Limited,HONG KONG,HKD,8000,5.79,4.32,,,
ASIA,6066-hk,"CSC Financial Co., Ltd. Class H",HONG KONG,HKD,3500,11.23,0.99,,,
ASIA,3794-kls,Malayan Cement Bhd,MALAYSIA,MYR,3500,5.65,1.99,,,
ASIA,1686-hk,Sunevision Holdings Ltd.,HONG KONG,HKD,8000,5.6,1.63,,,
ASIA,1299-hk,AIA Group Limited,HONG KONG,HKD,600,68.8,-0.22,,,
ASIA,1378-hk,China Hongqiao Group Ltd.,HONG KONG,HKD,2000,21.2,0.19,,,
ASIA,700-hkg,Tencent Holdings Ltd,HONG KONG,HKD,100,428.2,1.23,,,
ASIA,9699-hkg,"Hangzhou SF Intra-city Industrial Co., Ltd. Class H",HONG KONG,HKD,5200,8.445,1.26,,,
ASIA,2192-hk,"Medlive Technology Co., Ltd.",HONG KONG,HKD,5000,6.565,3.55,,,
ASIA,2318-hk,"Ping An Insurance (Group) Company of China, Ltd. Class H",HONG KONG,HKD,1000,51.55,-0.39,,,
ASIA,8583-kls,Mah Sing Group Bhd.,MALAYSIA,MYR,20400,0.955,-1.04,,,
ASIA,268-hkg,"Kingdee International Software Group Co., Ltd.",HONG KONG,HKD,5000,7.315,0.07,,,
ASIA,9698-hk,GDS Holdings Ltd.,HONG KONG,HKD,1400,30.28,7.38,,,
ASIA,9988-hkg,Alibaba Group Holding Limited,HONG KONG,HKD,300,108.2,2.66,,,
ASIA,9863-hk,"Zhejiang Leapmotor Technology Co., Ltd. Class H",HONG KONG,HKD,1100,34.92,2.22,,,
ASIA,2788-hk,Chuangxin Industries Holdings Limited,HONG KONG,HKD,2500,15.09,3.14,,,
ASIA,9896-hkg,MINISO Group Holding Ltd.,HONG KONG,HKD,1800,17.27,0.06,,,
ASIA,9626-hk,Bilibili Inc. Class Z,HONG KONG,HKD,340,115.9,1.49,,,
ASIA,9866-hk,NIO Inc. Class A,HONG KONG,HKD,1110,26.66,-0.3,,,
ASIA,189-hk,Dongyue Group Limited,HONG KONG,HKD,3000,11.21,1.08,,,
ASIA,1316-hk,Nexteer Automotive Group Limited,HONG KONG,HKD,9000,4.58,0.66,,,
ASIA,6060-hkg,"Zhongan Online P&C Insurance Co., Ltd. Class H",HONG KONG,HKD,4200,9.485,0.11,,,
ASIA,780-hk,Tongcheng Travel Holdings Limited,HONG KONG,HKD,3200,9.78,-1.61,,,
ASIA,1357-hk,"Meitu, Inc",HONG KONG,HKD,8500,3.735,0.67,,,
ASIA,3918-hk,NagaCorp Ltd.,HONG KONG,HKD,12000,2.65,-0.56,,,
ASIA,asg-aus,Autosports Group Ltd,AUSTRALIA,AUD,3338,1.195,-0.83,,,
ASIA,xro-aus,Xero Limited,AUSTRALIA,AUD,93,55.71,-1.42,,,
ASIA,2590-hk,"Beijing Geekplus Technology Co., Ltd. Class H",HONG KONG,HKD,2400,7.34,0.89,,,
ASIA,1361-hkg,361 Degrees International Ltd.,HONG KONG,HKD,10000,4.405,0.69,,,
ASIA,590-hk,Luk Fook Holdings (International) Limited,HONG KONG,HKD,2000,21.64,0.56,,,
ASIA,spz-aus,Smart Parking Limited,AUSTRALIA,AUD,9421,0.66,-3.65,,,
BONDS,usu45709AB58,"Innophos Holdings, Inc. 9.375% 15-FEB-2028","Innophos Holdings, Inc.",usd,20000.0,99.75,,9.375,9.4,15/02/2028
BONDS,usu6203KAE48,MPH Acquisition Holdings LLC 5.5% 01-SEP-2028,Claritev Corporation Class A,USD,40000.0,62.0,,5.5,8.87,01/09/2028
BONDS,usu37027ab27,"GPD Companies, Inc. 12.5% 31-DEC-2029","GPD Companies, Inc.",USD,13259.0,65.004,,12.5,19.23,31/12/2029
BONDS,USU98401AE97,Xerox Holdings Corporation 8.875% 30-NOV-2029,Xerox Holdings Corporation,USD,50000.0,39.37,5.68,8.875,22.54,30/11/2029
BONDS,USP46214AJ49,#N/A,#N/A,usd,14480.0,,,,,#N/A
BONDS,USP46214AC95,Generacion Mediterranea SA 9.875% 01-DEC-2027,Generacion Mediterranea SA,usd,20000.0,45.0,,9.875,21.94,01/12/2027
